post_id_0,food,2021-03-14,user1@gmail.com
post_id_1,drink,2022-11-29,user1@gmail.com
post_id_2,drink,2022-11-19,user1@gmail.com
post_id_3,food,2019-09-18,user1@gmail.com
post_id_4,drink,2018-10-03,user1@gmail.com
post_id_5,food,2018-12-24,user1@gmail.com
post_id_6,drink,2020-01-01,user1@gmail.com
post_id_7,drink,2022-06-07,user1@gmail.com
post_id_8,drink,2021-05-01,user1@gmail.com
post_id_9,food,2021-04-06,user1@gmail.com
post_id_10,drink,2019-03-09,user1@gmail.com
post_id_11,drink,2019-05-09,user1@gmail.com
post_id_12,drink,2022-05-23,user1@gmail.com
post_id_13,food,2020-02-21,user1@gmail.com
post_id_14,drink,2019-05-16,user1@gmail.com
post_id_15,drink,2021-01-12,user1@gmail.com
post_id_16,drink,2018-06-02,user1@gmail.com
post_id_17,food,2020-08-03,user1@gmail.com
post_id_18,drink,2022-09-28,user1@gmail.com
post_id_19,food,2018-09-17,user1@gmail.com
post_id_20,food,2021-04-14,user1@gmail.com
post_id_21,drink,2021-05-29,user1@gmail.com
post_id_22,drink,2019-03-17,user1@gmail.com
post_id_23,drink,2018-04-29,user1@gmail.com
post_id_24,food,2020-07-20,user1@gmail.com
post_id_25,drink,2019-02-25,user1@gmail.com
post_id_26,drink,2022-07-13,user1@gmail.com
post_id_27,drink,2021-10-28,user1@gmail.com
post_id_28,food,2019-09-16,user1@gmail.com
post_id_29,food,2019-07-17,user1@gmail.com
post_id_30,drink,2018-02-23,user1@gmail.com
post_id_31,food,2019-08-11,user1@gmail.com
post_id_32,food,2020-11-07,user1@gmail.com
post_id_33,drink,2022-04-03,user1@gmail.com
post_id_34,drink,2021-09-07,user1@gmail.com
post_id_35,food,2019-06-26,user1@gmail.com
post_id_36,drink,2019-06-17,user1@gmail.com
post_id_37,food,2020-06-19,user1@gmail.com
post_id_38,food,2018-04-03,user1@gmail.com
post_id_39,drink,2018-09-11,user1@gmail.com
post_id_40,food,2022-08-22,user1@gmail.com
post_id_41,food,2019-03-09,user1@gmail.com
post_id_42,food,2018-01-17,user1@gmail.com
post_id_43,drink,2022-10-16,user1@gmail.com
post_id_44,drink,2020-08-06,user1@gmail.com
post_id_45,food,2021-07-08,user1@gmail.com
post_id_46,drink,2022-01-02,user1@gmail.com
post_id_47,food,2021-02-06,user1@gmail.com
post_id_48,food,2022-01-16,user1@gmail.com
post_id_49,drink,2022-03-13,user1@gmail.com
post_id_50,drink,2020-06-15,user1@gmail.com
post_id_51,drink,2019-09-02,user1@gmail.com
post_id_52,food,2020-01-30,user1@gmail.com
post_id_53,food,2019-04-29,user1@gmail.com
post_id_54,drink,2018-01-07,user1@gmail.com
post_id_55,drink,2022-04-29,user1@gmail.com
post_id_56,food,2022-03-23,user1@gmail.com
post_id_57,food,2021-04-23,user1@gmail.com
post_id_58,drink,2019-10-20,user1@gmail.com
post_id_59,food,2018-06-10,user1@gmail.com
post_id_60,food,2022-11-04,user1@gmail.com
post_id_61,drink,2018-04-24,user1@gmail.com
post_id_62,drink,2019-02-07,user1@gmail.com
post_id_63,drink,2022-11-23,user1@gmail.com
post_id_64,food,2018-08-21,user1@gmail.com
post_id_65,drink,2021-03-06,user1@gmail.com
post_id_66,drink,2022-07-04,user1@gmail.com
post_id_67,food,2021-04-28,user1@gmail.com
post_id_68,drink,2019-07-02,user1@gmail.com
post_id_69,drink,2019-08-23,user1@gmail.com
post_id_70,food,2019-04-17,user1@gmail.com
post_id_71,food,2022-04-29,user1@gmail.com
post_id_72,drink,2020-06-30,user2@gmail.com
post_id_73,drink,2022-08-24,user2@gmail.com
post_id_74,food,2021-01-14,user2@gmail.com
post_id_75,food,2018-07-09,user2@gmail.com
post_id_76,food,2022-12-13,user2@gmail.com
post_id_77,drink,2019-05-07,user2@gmail.com
post_id_78,food,2021-06-14,user2@gmail.com
post_id_79,drink,2020-01-04,user2@gmail.com
post_id_80,food,2021-07-04,user2@gmail.com
post_id_81,drink,2021-07-03,user2@gmail.com
post_id_82,drink,2021-01-13,user2@gmail.com
post_id_83,drink,2022-11-09,user2@gmail.com
post_id_84,food,2019-12-18,user2@gmail.com
post_id_85,drink,2018-11-23,user2@gmail.com
post_id_86,food,2019-10-31,user2@gmail.com
post_id_87,food,2021-07-08,user2@gmail.com
post_id_88,drink,2022-09-24,user2@gmail.com
post_id_89,drink,2019-07-18,user2@gmail.com
post_id_90,drink,2020-12-04,user2@gmail.com
post_id_91,drink,2018-04-20,user2@gmail.com
post_id_92,drink,2021-06-13,user2@gmail.com
post_id_93,food,2019-03-27,user2@gmail.com
post_id_94,food,2018-08-05,user2@gmail.com
post_id_95,food,2020-08-21,user2@gmail.com
post_id_96,drink,2021-11-06,user2@gmail.com
post_id_97,food,2020-08-04,user2@gmail.com
post_id_98,food,2018-09-10,user2@gmail.com
post_id_99,food,2020-02-15,user2@gmail.com
post_id_100,drink,2019-11-30,user2@gmail.com
post_id_101,food,2022-09-29,user2@gmail.com
post_id_102,food,2019-11-03,user2@gmail.com
post_id_103,drink,2020-03-30,user3@gmail.com
post_id_104,food,2018-07-04,user3@gmail.com
post_id_105,drink,2019-08-06,user3@gmail.com
post_id_106,food,2020-10-14,user3@gmail.com
post_id_107,food,2019-05-24,user3@gmail.com
post_id_108,drink,2018-04-29,user3@gmail.com
post_id_109,drink,2022-06-29,user3@gmail.com
post_id_110,food,2019-07-16,user3@gmail.com
post_id_111,food,2020-05-27,user3@gmail.com
post_id_112,drink,2020-06-04,user3@gmail.com
post_id_113,food,2021-05-13,user3@gmail.com
post_id_114,food,2018-11-13,user3@gmail.com
post_id_115,food,2020-03-11,user3@gmail.com
post_id_116,food,2020-03-23,user3@gmail.com
post_id_117,drink,2019-02-10,user3@gmail.com
post_id_118,drink,2019-09-25,user3@gmail.com
post_id_119,food,2021-12-10,user3@gmail.com
post_id_120,food,2019-09-21,user3@gmail.com
post_id_121,drink,2018-11-29,user3@gmail.com
post_id_122,drink,2021-09-20,user3@gmail.com
post_id_123,food,2021-05-02,user3@gmail.com
post_id_124,drink,2018-06-13,user3@gmail.com
post_id_125,food,2022-07-23,user3@gmail.com
post_id_126,drink,2022-09-10,user3@gmail.com
post_id_127,drink,2022-12-26,user3@gmail.com
post_id_128,food,2018-10-22,user3@gmail.com
post_id_129,drink,2018-11-13,user3@gmail.com
post_id_130,food,2018-10-26,user3@gmail.com
post_id_131,food,2022-01-08,user3@gmail.com
post_id_132,drink,2018-01-30,user3@gmail.com
post_id_133,drink,2021-03-08,user3@gmail.com
post_id_134,drink,2022-03-08,user3@gmail.com
post_id_135,food,2019-05-15,user3@gmail.com
post_id_136,drink,2020-03-11,user3@gmail.com
post_id_137,drink,2020-02-06,user3@gmail.com
post_id_138,food,2018-07-11,user3@gmail.com
post_id_139,food,2020-07-19,user3@gmail.com
post_id_140,drink,2019-12-04,user3@gmail.com
post_id_141,food,2020-08-24,user3@gmail.com
post_id_142,drink,2020-10-31,user3@gmail.com
post_id_143,food,2020-01-26,user3@gmail.com
post_id_144,drink,2022-04-14,user3@gmail.com
post_id_145,food,2022-08-07,user3@gmail.com
post_id_146,food,2022-02-14,user3@gmail.com
post_id_147,drink,2020-02-16,user3@gmail.com
post_id_148,drink,2022-10-22,user3@gmail.com
post_id_149,food,2020-11-26,user3@gmail.com
post_id_150,drink,2022-07-03,user3@gmail.com
post_id_151,drink,2020-06-29,user3@gmail.com
post_id_152,drink,2019-07-16,user3@gmail.com
post_id_153,food,2020-04-23,user3@gmail.com
post_id_154,food,2018-07-21,user3@gmail.com
post_id_155,drink,2018-07-21,user3@gmail.com
post_id_156,food,2019-07-30,user3@gmail.com
post_id_157,drink,2018-03-16,user3@gmail.com
post_id_158,drink,2019-05-16,user3@gmail.com
post_id_159,drink,2022-06-12,user3@gmail.com
post_id_160,food,2019-04-01,user3@gmail.com
post_id_161,drink,2018-05-24,user3@gmail.com
post_id_162,drink,2020-12-06,user3@gmail.com
post_id_163,food,2022-07-23,user3@gmail.com
post_id_164,food,2018-10-12,user3@gmail.com
post_id_165,food,2020-07-01,user3@gmail.com
post_id_166,food,2018-04-01,user4@gmail.com
post_id_167,food,2021-09-20,user5@gmail.com
post_id_168,drink,2020-03-24,user5@gmail.com
post_id_169,food,2020-02-02,user5@gmail.com
post_id_170,drink,2019-06-24,user5@gmail.com
post_id_171,food,2022-11-13,user5@gmail.com
post_id_172,drink,2019-04-15,user5@gmail.com
post_id_173,drink,2020-01-06,user5@gmail.com
post_id_174,drink,2022-03-12,user5@gmail.com
post_id_175,food,2021-11-30,user5@gmail.com
post_id_176,food,2018-11-12,user5@gmail.com
post_id_177,drink,2019-07-12,user5@gmail.com
post_id_178,drink,2021-01-14,user5@gmail.com
post_id_179,drink,2021-04-23,user5@gmail.com
post_id_180,food,2019-11-18,user5@gmail.com
post_id_181,drink,2020-06-04,user5@gmail.com
post_id_182,food,2019-07-08,user5@gmail.com
post_id_183,food,2020-03-14,user5@gmail.com
post_id_184,drink,2021-03-15,user5@gmail.com
post_id_185,drink,2019-11-21,user5@gmail.com
post_id_186,drink,2022-12-03,user5@gmail.com
post_id_187,food,2022-11-07,user5@gmail.com
post_id_188,drink,2021-06-08,user5@gmail.com
post_id_189,drink,2021-12-07,user5@gmail.com
post_id_190,food,2019-10-05,user5@gmail.com
post_id_191,drink,2018-05-05,user5@gmail.com
post_id_192,drink,2022-01-15,user5@gmail.com
post_id_193,drink,2022-10-21,user5@gmail.com
post_id_194,drink,2021-02-09,user5@gmail.com
post_id_195,drink,2021-04-22,user5@gmail.com
post_id_196,food,2022-04-11,user5@gmail.com
post_id_197,food,2020-03-15,user5@gmail.com
post_id_198,food,2018-04-24,user5@gmail.com
post_id_199,drink,2019-11-01,user5@gmail.com
post_id_200,food,2020-02-26,user5@gmail.com
post_id_201,food,2021-11-06,user5@gmail.com
post_id_202,food,2020-04-17,user5@gmail.com
post_id_203,drink,2018-12-30,user5@gmail.com
post_id_204,food,2020-10-07,user5@gmail.com
post_id_205,food,2019-11-04,user5@gmail.com
post_id_206,food,2021-08-26,user5@gmail.com
post_id_207,food,2018-09-07,user5@gmail.com
post_id_208,drink,2018-10-04,user5@gmail.com
post_id_209,food,2018-07-01,user5@gmail.com
post_id_210,drink,2020-09-04,user5@gmail.com
post_id_211,food,2018-10-20,user5@gmail.com
post_id_212,drink,2018-09-05,user5@gmail.com
post_id_213,food,2019-01-04,user5@gmail.com
post_id_214,food,2019-07-13,user5@gmail.com
post_id_215,food,2022-05-19,user5@gmail.com
post_id_216,food,2022-07-08,user5@gmail.com
post_id_217,food,2019-12-14,user5@gmail.com
post_id_218,food,2018-10-03,user5@gmail.com
post_id_219,drink,2021-08-11,user5@gmail.com
post_id_220,drink,2018-01-12,user5@gmail.com
post_id_221,food,2021-07-27,user5@gmail.com
post_id_222,food,2021-09-07,user5@gmail.com
post_id_223,drink,2020-08-17,user5@gmail.com
post_id_224,food,2020-06-14,user5@gmail.com
post_id_225,food,2018-02-08,user5@gmail.com
post_id_226,food,2019-06-10,user5@gmail.com
post_id_227,food,2020-06-21,user5@gmail.com
post_id_228,drink,2019-03-17,user5@gmail.com
post_id_229,food,2020-03-14,user5@gmail.com
post_id_230,food,2019-09-21,user5@gmail.com
post_id_231,drink,2021-09-21,user5@gmail.com
post_id_232,drink,2020-03-12,user5@gmail.com
post_id_233,food,2018-12-13,user5@gmail.com
post_id_234,food,2018-02-05,user5@gmail.com
post_id_235,drink,2022-11-22,user5@gmail.com
post_id_236,drink,2019-01-12,user5@gmail.com
post_id_237,drink,2022-03-14,user5@gmail.com
post_id_238,food,2019-01-16,user5@gmail.com
post_id_239,food,2018-06-23,user5@gmail.com
post_id_240,drink,2021-07-30,user5@gmail.com
post_id_241,drink,2019-04-28,user5@gmail.com
post_id_242,food,2018-05-17,user5@gmail.com
post_id_243,food,2022-03-30,user5@gmail.com
post_id_244,food,2019-08-23,user5@gmail.com
post_id_245,food,2019-03-17,user5@gmail.com
post_id_246,drink,2021-11-13,user5@gmail.com
post_id_247,drink,2021-06-26,user5@gmail.com
post_id_248,drink,2021-10-25,user5@gmail.com
post_id_249,drink,2018-07-18,user5@gmail.com
post_id_250,drink,2021-03-17,user5@gmail.com
post_id_251,drink,2019-03-23,user5@gmail.com
post_id_252,food,2019-12-06,user5@gmail.com
post_id_253,drink,2021-12-02,user5@gmail.com
post_id_254,drink,2018-05-07,user5@gmail.com
post_id_255,food,2021-04-30,user5@gmail.com
post_id_256,drink,2020-06-04,user5@gmail.com
post_id_257,drink,2022-05-15,user5@gmail.com
post_id_258,food,2018-05-28,user5@gmail.com
post_id_259,food,2019-07-29,user5@gmail.com
post_id_260,food,2021-10-09,user5@gmail.com
post_id_261,food,2019-10-14,user6@gmail.com
post_id_262,drink,2022-05-25,user6@gmail.com
post_id_263,food,2020-04-26,user6@gmail.com
post_id_264,drink,2018-03-12,user6@gmail.com
post_id_265,drink,2019-11-14,user6@gmail.com
post_id_266,food,2021-11-16,user6@gmail.com
post_id_267,food,2020-12-16,user6@gmail.com
post_id_268,drink,2021-08-28,user6@gmail.com
post_id_269,food,2021-10-24,user6@gmail.com
post_id_270,food,2018-01-17,user6@gmail.com
post_id_271,drink,2020-04-19,user6@gmail.com
post_id_272,drink,2019-11-16,user6@gmail.com
post_id_273,food,2018-01-24,user6@gmail.com
post_id_274,food,2022-10-09,user6@gmail.com
post_id_275,food,2020-06-16,user6@gmail.com
post_id_276,drink,2021-10-17,user6@gmail.com
post_id_277,drink,2021-03-28,user6@gmail.com
post_id_278,food,2022-02-13,user6@gmail.com
post_id_279,drink,2019-07-02,user6@gmail.com
post_id_280,food,2019-07-04,user6@gmail.com
post_id_281,drink,2018-04-12,user6@gmail.com
post_id_282,food,2019-12-26,user6@gmail.com
post_id_283,food,2019-12-03,user6@gmail.com
post_id_284,drink,2019-07-18,user6@gmail.com
post_id_285,drink,2019-09-19,user6@gmail.com
post_id_286,drink,2021-06-23,user6@gmail.com
post_id_287,food,2022-03-15,user6@gmail.com
post_id_288,food,2020-09-18,user6@gmail.com
post_id_289,drink,2022-08-09,user6@gmail.com
post_id_290,drink,2019-08-13,user6@gmail.com
post_id_291,drink,2020-02-07,user6@gmail.com
post_id_292,food,2021-06-24,user6@gmail.com
post_id_293,food,2022-11-05,user6@gmail.com
post_id_294,drink,2019-01-25,user6@gmail.com
post_id_295,drink,2019-09-19,user6@gmail.com
post_id_296,drink,2022-11-15,user6@gmail.com
post_id_297,food,2018-01-26,user6@gmail.com
post_id_298,food,2020-03-12,user6@gmail.com
post_id_299,drink,2022-10-25,user6@gmail.com
post_id_300,food,2019-10-13,user6@gmail.com
post_id_301,food,2022-05-26,user6@gmail.com
post_id_302,drink,2018-03-13,user6@gmail.com
post_id_303,drink,2020-05-12,user6@gmail.com
post_id_304,food,2021-11-02,user6@gmail.com
post_id_305,food,2021-11-03,user6@gmail.com
post_id_306,food,2020-09-22,user6@gmail.com
post_id_307,drink,2021-03-21,user6@gmail.com
post_id_308,food,2018-03-30,user6@gmail.com
post_id_309,drink,2020-10-12,user6@gmail.com
post_id_310,food,2021-07-02,user6@gmail.com
post_id_311,food,2022-11-23,user6@gmail.com
post_id_312,drink,2021-09-24,user6@gmail.com
post_id_313,drink,2020-07-03,user6@gmail.com
post_id_314,drink,2020-12-26,user6@gmail.com
post_id_315,drink,2021-04-10,user6@gmail.com
post_id_316,food,2020-08-07,user6@gmail.com
post_id_317,food,2018-01-28,user6@gmail.com
post_id_318,food,2020-02-22,user6@gmail.com
post_id_319,drink,2021-01-18,user6@gmail.com
post_id_320,drink,2021-06-18,user6@gmail.com
post_id_321,drink,2022-01-17,user6@gmail.com
post_id_322,food,2020-04-25,user6@gmail.com
post_id_323,drink,2019-02-04,user6@gmail.com
post_id_324,food,2018-02-15,user6@gmail.com
post_id_325,food,2022-04-25,user6@gmail.com
post_id_326,drink,2019-12-24,user6@gmail.com
post_id_327,food,2022-08-15,user6@gmail.com
post_id_328,food,2021-08-04,user6@gmail.com
post_id_329,drink,2020-12-22,user6@gmail.com
post_id_330,drink,2021-02-23,user6@gmail.com
post_id_331,food,2018-04-02,user6@gmail.com
post_id_332,food,2018-05-21,user6@gmail.com
post_id_333,drink,2021-07-23,user6@gmail.com
post_id_334,drink,2018-03-03,user6@gmail.com
post_id_335,food,2018-04-12,user6@gmail.com
post_id_336,food,2018-03-31,user6@gmail.com
post_id_337,food,2018-06-12,user6@gmail.com
post_id_338,drink,2018-06-05,user6@gmail.com
post_id_339,food,2020-05-30,user6@gmail.com
post_id_340,drink,2021-02-19,user6@gmail.com
post_id_341,drink,2021-01-05,user7@gmail.com
post_id_342,food,2021-12-29,user7@gmail.com
post_id_343,drink,2018-04-19,user9@gmail.com
post_id_344,food,2019-11-14,user9@gmail.com
post_id_345,food,2021-02-25,user9@gmail.com
post_id_346,food,2022-12-04,user9@gmail.com
post_id_347,drink,2020-05-21,user9@gmail.com
post_id_348,drink,2018-08-29,user9@gmail.com
post_id_349,drink,2020-02-25,user9@gmail.com
post_id_350,drink,2020-06-09,user9@gmail.com
post_id_351,food,2018-06-10,user9@gmail.com
post_id_352,drink,2018-06-27,user9@gmail.com
post_id_353,food,2021-04-29,user9@gmail.com
post_id_354,food,2018-10-28,user9@gmail.com
post_id_355,food,2018-11-20,user9@gmail.com
post_id_356,food,2021-01-19,user9@gmail.com
post_id_357,drink,2021-03-24,user9@gmail.com
post_id_358,food,2018-03-03,user9@gmail.com
post_id_359,drink,2022-06-12,user9@gmail.com
post_id_360,food,2019-02-20,user9@gmail.com
post_id_361,food,2018-02-15,user9@gmail.com
post_id_362,drink,2022-03-08,user9@gmail.com
post_id_363,food,2021-03-26,user9@gmail.com
post_id_364,drink,2019-07-20,user9@gmail.com
post_id_365,food,2021-01-23,user9@gmail.com
post_id_366,food,2022-10-12,user9@gmail.com
post_id_367,food,2021-08-04,user9@gmail.com
post_id_368,food,2020-10-05,user9@gmail.com
post_id_369,drink,2022-03-12,user9@gmail.com
post_id_370,drink,2020-07-15,user9@gmail.com
post_id_371,drink,2018-06-12,user9@gmail.com
post_id_372,drink,2019-09-27,user9@gmail.com
post_id_373,food,2022-06-12,user9@gmail.com
post_id_374,drink,2018-09-03,user9@gmail.com
post_id_375,drink,2019-02-07,user9@gmail.com
post_id_376,drink,2021-10-10,user9@gmail.com
post_id_377,food,2019-06-06,user9@gmail.com
post_id_378,drink,2018-06-07,user9@gmail.com
post_id_379,drink,2020-10-27,user9@gmail.com
post_id_380,food,2018-01-12,user9@gmail.com
post_id_381,drink,2019-07-14,user9@gmail.com
post_id_382,drink,2018-07-20,user9@gmail.com
post_id_383,drink,2020-04-15,user9@gmail.com
post_id_384,food,2019-03-11,user9@gmail.com
post_id_385,food,2019-03-23,user9@gmail.com
post_id_386,drink,2018-02-24,user9@gmail.com
post_id_387,drink,2019-12-09,user9@gmail.com
post_id_388,food,2022-12-02,user9@gmail.com
post_id_389,food,2019-04-23,user9@gmail.com
post_id_390,drink,2022-03-03,user9@gmail.com
post_id_391,food,2020-09-04,user9@gmail.com
post_id_392,food,2021-11-01,user9@gmail.com
post_id_393,food,2019-12-11,user9@gmail.com
post_id_394,food,2019-07-10,user9@gmail.com
post_id_395,drink,2019-03-09,user9@gmail.com
post_id_396,food,2019-07-21,user9@gmail.com
post_id_397,drink,2022-06-20,user9@gmail.com
post_id_398,drink,2022-07-28,user9@gmail.com
post_id_399,food,2018-03-11,user9@gmail.com
post_id_400,drink,2021-01-28,user9@gmail.com
post_id_401,drink,2018-11-03,user9@gmail.com
post_id_402,drink,2018-12-12,user9@gmail.com
post_id_403,food,2021-08-22,user9@gmail.com
post_id_404,food,2019-09-27,user9@gmail.com
post_id_405,drink,2020-06-26,user9@gmail.com
post_id_406,drink,2020-01-22,user9@gmail.com
post_id_407,drink,2021-11-20,user9@gmail.com
post_id_408,food,2022-07-05,user9@gmail.com
post_id_409,drink,2019-12-07,user9@gmail.com
post_id_410,food,2018-08-22,user9@gmail.com
post_id_411,drink,2022-07-30,user9@gmail.com
post_id_412,food,2021-05-02,user9@gmail.com
post_id_413,drink,2020-02-11,user9@gmail.com
post_id_414,drink,2018-04-28,user9@gmail.com
post_id_415,drink,2018-02-02,user9@gmail.com
post_id_416,drink,2020-08-10,user9@gmail.com
post_id_417,food,2021-03-31,user10@gmail.com
post_id_418,drink,2021-09-29,user10@gmail.com
post_id_419,food,2022-09-11,user10@gmail.com
post_id_420,drink,2020-09-09,user10@gmail.com
post_id_421,food,2019-06-07,user10@gmail.com
post_id_422,drink,2019-05-20,user10@gmail.com
post_id_423,food,2018-02-15,user10@gmail.com
post_id_424,food,2022-08-04,user10@gmail.com
post_id_425,food,2020-04-28,user10@gmail.com
post_id_426,food,2022-10-29,user10@gmail.com
post_id_427,drink,2020-02-20,user10@gmail.com
post_id_428,food,2020-04-21,user10@gmail.com
post_id_429,food,2020-07-28,user10@gmail.com
post_id_430,drink,2018-07-28,user10@gmail.com
post_id_431,drink,2020-03-09,user10@gmail.com
post_id_432,food,2021-03-21,user10@gmail.com
post_id_433,drink,2021-12-05,user10@gmail.com
post_id_434,food,2018-12-27,user10@gmail.com
post_id_435,food,2022-07-25,user10@gmail.com
post_id_436,food,2018-11-08,user10@gmail.com
post_id_437,food,2021-07-23,user10@gmail.com
post_id_438,drink,2019-12-14,user10@gmail.com
post_id_439,drink,2019-04-07,user10@gmail.com
post_id_440,food,2020-08-18,user10@gmail.com
post_id_441,drink,2021-08-20,user10@gmail.com
post_id_442,food,2021-11-04,user10@gmail.com
post_id_443,drink,2022-08-29,user10@gmail.com
post_id_444,drink,2020-06-28,user10@gmail.com
post_id_445,drink,2019-10-22,user10@gmail.com
post_id_446,drink,2022-06-09,user10@gmail.com
post_id_447,food,2019-12-28,user10@gmail.com
post_id_448,drink,2018-09-26,user10@gmail.com
post_id_449,drink,2019-09-23,user10@gmail.com
post_id_450,food,2020-03-01,user10@gmail.com
post_id_451,food,2022-05-07,user10@gmail.com
post_id_452,drink,2019-12-10,user10@gmail.com
post_id_453,food,2022-07-28,user10@gmail.com
post_id_454,drink,2021-06-03,user10@gmail.com
post_id_455,education,2022-09-10,user11@gmail.com
post_id_456,education,2021-06-12,user11@gmail.com
post_id_457,academics,2021-03-06,user11@gmail.com
post_id_458,education,2022-05-11,user11@gmail.com
post_id_459,education,2018-09-05,user11@gmail.com
post_id_460,education,2019-04-12,user11@gmail.com
post_id_461,education,2020-07-20,user11@gmail.com
post_id_462,academics,2021-03-05,user11@gmail.com
post_id_463,education,2019-09-15,user11@gmail.com
post_id_464,academics,2020-02-04,user11@gmail.com
post_id_465,education,2021-12-16,user11@gmail.com
post_id_466,academics,2020-08-26,user11@gmail.com
post_id_467,education,2021-11-05,user11@gmail.com
post_id_468,education,2018-02-24,user11@gmail.com
post_id_469,academics,2018-01-22,user11@gmail.com
post_id_470,education,2018-07-23,user11@gmail.com
post_id_471,academics,2021-11-26,user11@gmail.com
post_id_472,education,2021-12-10,user11@gmail.com
post_id_473,education,2020-11-11,user11@gmail.com
post_id_474,academics,2019-06-09,user11@gmail.com
post_id_475,academics,2022-08-07,user11@gmail.com
post_id_476,academics,2022-09-18,user11@gmail.com
post_id_477,education,2018-06-06,user11@gmail.com
post_id_478,academics,2022-06-23,user11@gmail.com
post_id_479,education,2021-08-14,user11@gmail.com
post_id_480,education,2019-06-08,user11@gmail.com
post_id_481,education,2018-12-27,user11@gmail.com
post_id_482,academics,2022-03-27,user11@gmail.com
post_id_483,education,2020-10-31,user11@gmail.com
post_id_484,academics,2018-11-24,user11@gmail.com
post_id_485,education,2022-08-14,user11@gmail.com
post_id_486,academics,2018-06-29,user11@gmail.com
post_id_487,education,2018-02-25,user11@gmail.com
post_id_488,academics,2018-05-14,user11@gmail.com
post_id_489,academics,2018-06-07,user11@gmail.com
post_id_490,education,2019-05-21,user11@gmail.com
post_id_491,academics,2020-04-29,user11@gmail.com
post_id_492,academics,2020-08-27,user11@gmail.com
post_id_493,academics,2019-05-24,user11@gmail.com
post_id_494,academics,2021-02-28,user11@gmail.com
post_id_495,education,2018-01-12,user11@gmail.com
post_id_496,academics,2020-09-13,user11@gmail.com
post_id_497,education,2020-01-13,user11@gmail.com
post_id_498,education,2022-03-15,user11@gmail.com
post_id_499,education,2018-09-22,user11@gmail.com
post_id_500,academics,2020-02-26,user11@gmail.com
post_id_501,academics,2018-11-08,user11@gmail.com
post_id_502,education,2018-09-27,user11@gmail.com
post_id_503,academics,2019-09-19,user11@gmail.com
post_id_504,academics,2018-02-11,user11@gmail.com
post_id_505,education,2018-06-02,user11@gmail.com
post_id_506,academics,2022-08-09,user11@gmail.com
post_id_507,academics,2021-09-21,user11@gmail.com
post_id_508,academics,2018-03-22,user11@gmail.com
post_id_509,academics,2022-01-10,user11@gmail.com
post_id_510,academics,2018-03-09,user11@gmail.com
post_id_511,education,2022-08-25,user11@gmail.com
post_id_512,education,2020-03-19,user11@gmail.com
post_id_513,academics,2018-11-30,user11@gmail.com
post_id_514,academics,2021-10-17,user11@gmail.com
post_id_515,education,2021-08-23,user11@gmail.com
post_id_516,academics,2018-10-13,user11@gmail.com
post_id_517,academics,2019-03-03,user11@gmail.com
post_id_518,academics,2019-12-28,user11@gmail.com
post_id_519,academics,2021-11-26,user11@gmail.com
post_id_520,education,2020-04-04,user11@gmail.com
post_id_521,education,2018-03-01,user11@gmail.com
post_id_522,academics,2021-05-04,user11@gmail.com
post_id_523,education,2018-01-21,user11@gmail.com
post_id_524,education,2022-05-11,user11@gmail.com
post_id_525,education,2022-04-14,user11@gmail.com
post_id_526,education,2019-02-20,user11@gmail.com
post_id_527,education,2019-03-18,user11@gmail.com
post_id_528,education,2020-05-19,user11@gmail.com
post_id_529,education,2019-02-25,user11@gmail.com
post_id_530,academics,2018-11-29,user11@gmail.com
post_id_531,academics,2018-08-18,user11@gmail.com
post_id_532,education,2022-01-05,user11@gmail.com
post_id_533,academics,2021-05-15,user11@gmail.com
post_id_534,education,2018-11-24,user11@gmail.com
post_id_535,education,2020-02-16,user11@gmail.com
post_id_536,academics,2021-07-23,user11@gmail.com
post_id_537,education,2018-01-27,user11@gmail.com
post_id_538,education,2018-06-26,user11@gmail.com
post_id_539,education,2022-08-10,user11@gmail.com
post_id_540,education,2021-02-27,user11@gmail.com
post_id_541,education,2020-02-05,user11@gmail.com
post_id_542,academics,2019-03-23,user11@gmail.com
post_id_543,academics,2021-03-14,user11@gmail.com
post_id_544,academics,2019-03-15,user11@gmail.com
post_id_545,academics,2020-12-30,user11@gmail.com
post_id_546,academics,2018-12-06,user11@gmail.com
post_id_547,education,2020-11-20,user12@gmail.com
post_id_548,academics,2022-11-06,user12@gmail.com
post_id_549,education,2019-08-21,user12@gmail.com
post_id_550,education,2020-03-10,user12@gmail.com
post_id_551,education,2020-09-06,user12@gmail.com
post_id_552,academics,2018-01-07,user12@gmail.com
post_id_553,academics,2022-03-15,user12@gmail.com
post_id_554,education,2022-02-20,user12@gmail.com
post_id_555,education,2019-03-27,user12@gmail.com
post_id_556,education,2018-04-03,user12@gmail.com
post_id_557,academics,2021-09-05,user12@gmail.com
post_id_558,academics,2018-07-11,user12@gmail.com
post_id_559,academics,2021-06-16,user12@gmail.com
post_id_560,education,2018-09-10,user12@gmail.com
post_id_561,education,2018-01-21,user12@gmail.com
post_id_562,academics,2020-03-30,user12@gmail.com
post_id_563,academics,2019-04-16,user12@gmail.com
post_id_564,academics,2022-01-17,user12@gmail.com
post_id_565,education,2022-02-08,user12@gmail.com
post_id_566,education,2018-03-13,user12@gmail.com
post_id_567,education,2022-12-28,user12@gmail.com
post_id_568,academics,2018-03-26,user12@gmail.com
post_id_569,academics,2021-09-13,user12@gmail.com
post_id_570,education,2021-06-16,user12@gmail.com
post_id_571,academics,2020-10-01,user12@gmail.com
post_id_572,academics,2021-04-08,user12@gmail.com
post_id_573,academics,2021-05-29,user12@gmail.com
post_id_574,academics,2020-07-10,user12@gmail.com
post_id_575,education,2018-03-07,user12@gmail.com
post_id_576,academics,2019-09-07,user12@gmail.com
post_id_577,education,2018-01-09,user12@gmail.com
post_id_578,academics,2020-03-19,user12@gmail.com
post_id_579,education,2021-12-17,user12@gmail.com
post_id_580,academics,2020-11-14,user12@gmail.com
post_id_581,education,2021-01-10,user12@gmail.com
post_id_582,academics,2020-10-31,user12@gmail.com
post_id_583,academics,2020-04-06,user12@gmail.com
post_id_584,academics,2019-05-20,user12@gmail.com
post_id_585,education,2020-10-21,user12@gmail.com
post_id_586,education,2020-09-29,user12@gmail.com
post_id_587,academics,2021-03-02,user12@gmail.com
post_id_588,education,2018-01-08,user12@gmail.com
post_id_589,education,2021-01-11,user12@gmail.com
post_id_590,education,2020-05-07,user12@gmail.com
post_id_591,education,2021-10-15,user12@gmail.com
post_id_592,academics,2021-06-14,user12@gmail.com
post_id_593,education,2020-05-09,user12@gmail.com
post_id_594,academics,2020-12-14,user12@gmail.com
post_id_595,education,2018-07-25,user12@gmail.com
post_id_596,education,2019-08-07,user12@gmail.com
post_id_597,academics,2021-10-28,user12@gmail.com
post_id_598,academics,2018-01-15,user12@gmail.com
post_id_599,academics,2020-12-17,user12@gmail.com
post_id_600,academics,2020-06-01,user12@gmail.com
post_id_601,academics,2020-04-21,user12@gmail.com
post_id_602,academics,2019-07-03,user12@gmail.com
post_id_603,academics,2021-06-12,user12@gmail.com
post_id_604,academics,2018-01-10,user12@gmail.com
post_id_605,academics,2018-01-15,user12@gmail.com
post_id_606,academics,2021-05-07,user12@gmail.com
post_id_607,education,2018-03-22,user12@gmail.com
post_id_608,academics,2022-10-28,user12@gmail.com
post_id_609,education,2022-05-27,user12@gmail.com
post_id_610,academics,2021-08-29,user12@gmail.com
post_id_611,academics,2021-07-10,user12@gmail.com
post_id_612,education,2019-12-12,user12@gmail.com
post_id_613,academics,2021-02-11,user12@gmail.com
post_id_614,academics,2021-12-10,user12@gmail.com
post_id_615,education,2018-12-06,user12@gmail.com
post_id_616,academics,2019-02-05,user12@gmail.com
post_id_617,academics,2019-05-08,user12@gmail.com
post_id_618,education,2022-06-11,user12@gmail.com
post_id_619,academics,2020-06-15,user12@gmail.com
post_id_620,education,2018-01-09,user12@gmail.com
post_id_621,education,2022-07-23,user12@gmail.com
post_id_622,education,2021-03-04,user12@gmail.com
post_id_623,academics,2019-03-14,user13@gmail.com
post_id_624,education,2019-04-10,user13@gmail.com
post_id_625,academics,2018-12-26,user13@gmail.com
post_id_626,education,2021-04-28,user13@gmail.com
post_id_627,education,2018-07-11,user13@gmail.com
post_id_628,education,2022-06-16,user13@gmail.com
post_id_629,education,2020-12-31,user13@gmail.com
post_id_630,education,2018-03-21,user13@gmail.com
post_id_631,academics,2022-06-07,user13@gmail.com
post_id_632,education,2020-09-11,user13@gmail.com
post_id_633,education,2020-01-27,user13@gmail.com
post_id_634,academics,2019-10-24,user13@gmail.com
post_id_635,education,2018-09-06,user13@gmail.com
post_id_636,education,2022-01-13,user13@gmail.com
post_id_637,academics,2022-06-19,user13@gmail.com
post_id_638,education,2021-10-29,user13@gmail.com
post_id_639,education,2021-05-10,user13@gmail.com
post_id_640,academics,2018-05-10,user13@gmail.com
post_id_641,education,2021-06-04,user13@gmail.com
post_id_642,academics,2022-05-26,user13@gmail.com
post_id_643,education,2020-12-25,user13@gmail.com
post_id_644,education,2018-01-06,user13@gmail.com
post_id_645,education,2021-10-19,user13@gmail.com
post_id_646,education,2020-02-04,user13@gmail.com
post_id_647,academics,2021-11-27,user13@gmail.com
post_id_648,academics,2020-09-09,user13@gmail.com
post_id_649,academics,2020-02-07,user13@gmail.com
post_id_650,education,2021-10-04,user13@gmail.com
post_id_651,education,2020-03-23,user13@gmail.com
post_id_652,education,2018-12-16,user13@gmail.com
post_id_653,education,2019-08-10,user13@gmail.com
post_id_654,education,2021-07-28,user13@gmail.com
post_id_655,academics,2021-12-16,user13@gmail.com
post_id_656,education,2020-11-01,user13@gmail.com
post_id_657,academics,2018-06-14,user13@gmail.com
post_id_658,academics,2022-07-19,user13@gmail.com
post_id_659,education,2019-02-11,user13@gmail.com
post_id_660,academics,2022-10-08,user13@gmail.com
post_id_661,academics,2019-03-12,user13@gmail.com
post_id_662,education,2021-02-27,user13@gmail.com
post_id_663,academics,2019-03-14,user13@gmail.com
post_id_664,academics,2020-09-29,user13@gmail.com
post_id_665,education,2020-01-20,user13@gmail.com
post_id_666,education,2022-07-21,user13@gmail.com
post_id_667,education,2021-06-16,user14@gmail.com
post_id_668,academics,2020-05-16,user14@gmail.com
post_id_669,education,2020-01-12,user14@gmail.com
post_id_670,education,2022-08-24,user14@gmail.com
post_id_671,education,2021-01-03,user14@gmail.com
post_id_672,academics,2021-04-25,user14@gmail.com
post_id_673,education,2022-05-22,user14@gmail.com
post_id_674,academics,2020-07-20,user14@gmail.com
post_id_675,academics,2021-01-07,user14@gmail.com
post_id_676,education,2019-09-17,user14@gmail.com
post_id_677,academics,2021-09-21,user14@gmail.com
post_id_678,academics,2020-04-28,user14@gmail.com
post_id_679,education,2018-02-20,user14@gmail.com
post_id_680,academics,2020-12-24,user14@gmail.com
post_id_681,academics,2021-08-15,user14@gmail.com
post_id_682,education,2018-04-01,user14@gmail.com
post_id_683,education,2019-07-04,user14@gmail.com
post_id_684,academics,2018-02-16,user14@gmail.com
post_id_685,education,2018-03-21,user14@gmail.com
post_id_686,academics,2019-01-27,user14@gmail.com
post_id_687,education,2021-01-24,user14@gmail.com
post_id_688,academics,2021-01-09,user14@gmail.com
post_id_689,academics,2020-02-27,user14@gmail.com
post_id_690,education,2018-05-03,user14@gmail.com
post_id_691,academics,2022-08-29,user14@gmail.com
post_id_692,education,2019-01-30,user15@gmail.com
post_id_693,education,2021-02-02,user15@gmail.com
post_id_694,education,2022-12-27,user15@gmail.com
post_id_695,education,2020-08-11,user15@gmail.com
post_id_696,education,2018-04-09,user15@gmail.com
post_id_697,academics,2019-03-08,user15@gmail.com
post_id_698,academics,2022-11-12,user15@gmail.com
post_id_699,education,2020-05-27,user15@gmail.com
post_id_700,education,2018-03-05,user15@gmail.com
post_id_701,academics,2021-05-11,user15@gmail.com
post_id_702,academics,2022-08-25,user15@gmail.com
post_id_703,academics,2020-10-06,user16@gmail.com
post_id_704,academics,2022-05-17,user16@gmail.com
post_id_705,education,2021-06-06,user16@gmail.com
post_id_706,education,2018-12-27,user16@gmail.com
post_id_707,education,2021-10-31,user16@gmail.com
post_id_708,academics,2018-08-31,user16@gmail.com
post_id_709,academics,2020-12-26,user16@gmail.com
post_id_710,academics,2021-09-01,user16@gmail.com
post_id_711,education,2018-06-20,user16@gmail.com
post_id_712,education,2018-09-10,user16@gmail.com
post_id_713,academics,2019-05-01,user16@gmail.com
post_id_714,academics,2020-08-27,user16@gmail.com
post_id_715,academics,2018-09-08,user16@gmail.com
post_id_716,academics,2022-01-24,user16@gmail.com
post_id_717,education,2020-06-22,user16@gmail.com
post_id_718,academics,2018-12-23,user16@gmail.com
post_id_719,education,2020-10-07,user16@gmail.com
post_id_720,education,2022-07-22,user16@gmail.com
post_id_721,academics,2018-02-26,user16@gmail.com
post_id_722,education,2020-02-19,user16@gmail.com
post_id_723,education,2022-05-01,user16@gmail.com
post_id_724,academics,2022-08-08,user16@gmail.com
post_id_725,education,2021-09-22,user16@gmail.com
post_id_726,academics,2018-03-31,user16@gmail.com
post_id_727,academics,2019-04-04,user16@gmail.com
post_id_728,academics,2020-05-13,user16@gmail.com
post_id_729,academics,2020-04-24,user16@gmail.com
post_id_730,education,2020-01-06,user16@gmail.com
post_id_731,academics,2021-08-28,user16@gmail.com
post_id_732,education,2021-11-24,user16@gmail.com
post_id_733,academics,2019-02-25,user16@gmail.com
post_id_734,education,2021-01-21,user16@gmail.com
post_id_735,education,2018-02-27,user16@gmail.com
post_id_736,education,2018-07-31,user16@gmail.com
post_id_737,education,2019-05-09,user16@gmail.com
post_id_738,academics,2021-09-26,user16@gmail.com
post_id_739,education,2019-12-06,user16@gmail.com
post_id_740,academics,2020-03-26,user16@gmail.com
post_id_741,academics,2020-08-25,user16@gmail.com
post_id_742,academics,2019-05-29,user16@gmail.com
post_id_743,education,2018-12-26,user16@gmail.com
post_id_744,academics,2021-09-22,user16@gmail.com
post_id_745,education,2022-02-22,user16@gmail.com
post_id_746,academics,2020-04-05,user16@gmail.com
post_id_747,academics,2018-08-12,user16@gmail.com
post_id_748,education,2018-05-28,user16@gmail.com
post_id_749,academics,2020-11-22,user16@gmail.com
post_id_750,education,2021-07-20,user16@gmail.com
post_id_751,academics,2019-11-06,user16@gmail.com
post_id_752,academics,2019-05-30,user16@gmail.com
post_id_753,academics,2019-05-18,user16@gmail.com
post_id_754,academics,2018-06-18,user17@gmail.com
post_id_755,education,2020-06-16,user17@gmail.com
post_id_756,education,2018-03-09,user17@gmail.com
post_id_757,academics,2019-02-22,user17@gmail.com
post_id_758,academics,2018-01-31,user17@gmail.com
post_id_759,academics,2022-07-02,user17@gmail.com
post_id_760,academics,2019-03-20,user17@gmail.com
post_id_761,academics,2018-06-02,user17@gmail.com
post_id_762,academics,2019-12-28,user17@gmail.com
post_id_763,education,2021-02-21,user17@gmail.com
post_id_764,academics,2020-12-21,user17@gmail.com
post_id_765,education,2022-10-22,user17@gmail.com
post_id_766,education,2018-10-25,user17@gmail.com
post_id_767,education,2018-01-22,user17@gmail.com
post_id_768,academics,2019-02-08,user17@gmail.com
post_id_769,academics,2019-06-03,user18@gmail.com
post_id_770,education,2019-05-01,user18@gmail.com
post_id_771,academics,2018-06-09,user18@gmail.com
post_id_772,academics,2019-11-05,user18@gmail.com
post_id_773,education,2020-09-14,user18@gmail.com
post_id_774,academics,2020-11-27,user18@gmail.com
post_id_775,academics,2020-07-23,user18@gmail.com
post_id_776,education,2019-09-27,user18@gmail.com
post_id_777,academics,2022-08-08,user18@gmail.com
post_id_778,education,2020-05-26,user18@gmail.com
post_id_779,academics,2020-11-01,user18@gmail.com
post_id_780,academics,2021-08-13,user18@gmail.com
post_id_781,education,2022-03-02,user18@gmail.com
post_id_782,education,2019-02-09,user18@gmail.com
post_id_783,education,2021-05-16,user18@gmail.com
post_id_784,academics,2022-10-22,user18@gmail.com
post_id_785,education,2022-05-10,user18@gmail.com
post_id_786,education,2019-06-17,user18@gmail.com
post_id_787,education,2020-08-31,user18@gmail.com
post_id_788,education,2022-03-14,user18@gmail.com
post_id_789,academics,2018-07-29,user18@gmail.com
post_id_790,academics,2018-11-01,user18@gmail.com
post_id_791,education,2020-01-07,user18@gmail.com
post_id_792,education,2021-07-07,user18@gmail.com
post_id_793,academics,2018-01-18,user18@gmail.com
post_id_794,academics,2020-10-18,user18@gmail.com
post_id_795,education,2018-02-23,user18@gmail.com
post_id_796,education,2019-01-31,user18@gmail.com
post_id_797,academics,2022-05-06,user18@gmail.com
post_id_798,education,2020-12-02,user18@gmail.com
post_id_799,academics,2022-01-14,user18@gmail.com
post_id_800,education,2021-08-12,user18@gmail.com
post_id_801,education,2021-03-31,user18@gmail.com
post_id_802,academics,2019-09-26,user18@gmail.com
post_id_803,education,2020-09-15,user18@gmail.com
post_id_804,academics,2020-08-03,user18@gmail.com
post_id_805,academics,2022-04-11,user18@gmail.com
post_id_806,education,2018-12-23,user18@gmail.com
post_id_807,education,2020-02-16,user18@gmail.com
post_id_808,education,2019-11-11,user18@gmail.com
post_id_809,academics,2018-10-04,user18@gmail.com
post_id_810,academics,2020-03-02,user18@gmail.com
post_id_811,education,2020-04-15,user18@gmail.com
post_id_812,academics,2018-02-12,user18@gmail.com
post_id_813,education,2021-02-12,user18@gmail.com
post_id_814,education,2019-08-05,user18@gmail.com
post_id_815,education,2018-04-26,user18@gmail.com
post_id_816,education,2019-07-19,user18@gmail.com
post_id_817,academics,2018-09-24,user18@gmail.com
post_id_818,education,2021-04-01,user18@gmail.com
post_id_819,education,2021-05-22,user18@gmail.com
post_id_820,academics,2019-02-15,user18@gmail.com
post_id_821,academics,2022-09-28,user18@gmail.com
post_id_822,academics,2018-05-22,user18@gmail.com
post_id_823,education,2020-12-11,user18@gmail.com
post_id_824,academics,2021-07-15,user18@gmail.com
post_id_825,academics,2018-01-30,user18@gmail.com
post_id_826,academics,2020-06-24,user18@gmail.com
post_id_827,education,2021-09-17,user18@gmail.com
post_id_828,education,2019-09-28,user18@gmail.com
post_id_829,academics,2021-10-14,user18@gmail.com
post_id_830,education,2021-06-10,user18@gmail.com
post_id_831,academics,2019-10-04,user18@gmail.com
post_id_832,education,2020-01-23,user18@gmail.com
post_id_833,education,2019-11-12,user18@gmail.com
post_id_834,education,2020-03-08,user18@gmail.com
post_id_835,education,2022-05-09,user18@gmail.com
post_id_836,academics,2021-03-01,user18@gmail.com
post_id_837,education,2019-05-08,user18@gmail.com
post_id_838,education,2019-10-06,user18@gmail.com
post_id_839,education,2020-06-30,user18@gmail.com
post_id_840,education,2022-02-12,user18@gmail.com
post_id_841,academics,2020-06-25,user18@gmail.com
post_id_842,academics,2018-06-19,user18@gmail.com
post_id_843,education,2019-08-17,user18@gmail.com
post_id_844,academics,2018-01-04,user18@gmail.com
post_id_845,academics,2019-09-08,user18@gmail.com
post_id_846,education,2021-03-26,user18@gmail.com
post_id_847,academics,2018-10-29,user18@gmail.com
post_id_848,academics,2019-04-13,user18@gmail.com
post_id_849,education,2019-08-23,user18@gmail.com
post_id_850,academics,2019-06-19,user18@gmail.com
post_id_851,education,2020-07-04,user18@gmail.com
post_id_852,academics,2020-04-26,user18@gmail.com
post_id_853,education,2018-06-29,user18@gmail.com
post_id_854,academics,2022-12-19,user18@gmail.com
post_id_855,academics,2021-09-14,user19@gmail.com
post_id_856,education,2021-01-24,user19@gmail.com
post_id_857,academics,2020-11-29,user19@gmail.com
post_id_858,education,2021-08-22,user19@gmail.com
post_id_859,academics,2019-06-16,user19@gmail.com
post_id_860,academics,2018-12-09,user19@gmail.com
post_id_861,academics,2018-07-04,user19@gmail.com
post_id_862,academics,2022-10-29,user19@gmail.com
post_id_863,academics,2018-03-05,user19@gmail.com
post_id_864,academics,2020-02-13,user19@gmail.com
post_id_865,education,2018-09-21,user19@gmail.com
post_id_866,academics,2019-01-05,user19@gmail.com
post_id_867,academics,2020-04-18,user19@gmail.com
post_id_868,academics,2019-08-05,user19@gmail.com
post_id_869,education,2021-10-28,user19@gmail.com
post_id_870,academics,2021-12-03,user19@gmail.com
post_id_871,education,2022-08-25,user19@gmail.com
post_id_872,academics,2022-09-07,user19@gmail.com
post_id_873,education,2018-09-10,user19@gmail.com
post_id_874,education,2021-02-18,user19@gmail.com
post_id_875,education,2018-04-21,user19@gmail.com
post_id_876,academics,2021-07-22,user19@gmail.com
post_id_877,education,2019-04-13,user19@gmail.com
post_id_878,education,2020-07-22,user19@gmail.com
post_id_879,education,2021-10-24,user19@gmail.com
post_id_880,academics,2021-03-31,user19@gmail.com
post_id_881,education,2021-08-14,user19@gmail.com
post_id_882,education,2018-02-12,user20@gmail.com
post_id_883,academics,2019-07-06,user20@gmail.com
post_id_884,education,2020-07-04,user20@gmail.com
post_id_885,education,2019-03-27,user20@gmail.com
post_id_886,education,2020-10-09,user20@gmail.com
post_id_887,academics,2022-01-29,user20@gmail.com
post_id_888,education,2022-07-20,user20@gmail.com
post_id_889,academics,2019-01-11,user20@gmail.com
post_id_890,academics,2021-08-09,user20@gmail.com
post_id_891,education,2020-12-29,user20@gmail.com
post_id_892,education,2022-03-18,user20@gmail.com
post_id_893,academics,2018-11-06,user20@gmail.com
post_id_894,academics,2022-05-23,user20@gmail.com
post_id_895,academics,2022-02-08,user20@gmail.com
post_id_896,academics,2018-12-28,user20@gmail.com
post_id_897,academics,2019-07-21,user20@gmail.com
post_id_898,academics,2020-04-26,user20@gmail.com
post_id_899,academics,2022-07-15,user20@gmail.com
post_id_900,academics,2019-04-03,user20@gmail.com
post_id_901,education,2018-02-20,user20@gmail.com
post_id_902,academics,2022-05-02,user20@gmail.com
post_id_903,academics,2021-06-02,user20@gmail.com
post_id_904,academics,2022-12-29,user20@gmail.com
post_id_905,education,2019-08-20,user20@gmail.com
post_id_906,education,2018-10-19,user20@gmail.com
post_id_907,education,2021-08-19,user20@gmail.com
post_id_908,education,2019-03-24,user20@gmail.com
post_id_909,education,2021-05-11,user20@gmail.com
post_id_910,education,2020-03-11,user20@gmail.com
post_id_911,education,2020-09-16,user20@gmail.com
post_id_912,academics,2021-06-28,user20@gmail.com
post_id_913,education,2021-12-09,user20@gmail.com
post_id_914,academics,2019-05-04,user20@gmail.com
post_id_915,education,2020-01-03,user20@gmail.com
post_id_916,education,2021-06-08,user20@gmail.com
post_id_917,education,2019-11-05,user20@gmail.com
post_id_918,education,2020-11-11,user20@gmail.com
post_id_919,academics,2018-02-20,user20@gmail.com
post_id_920,education,2020-12-26,user20@gmail.com
post_id_921,education,2022-11-27,user20@gmail.com
post_id_922,education,2022-07-25,user20@gmail.com
post_id_923,education,2021-06-17,user20@gmail.com
post_id_924,education,2018-09-28,user20@gmail.com
post_id_925,academics,2021-03-10,user20@gmail.com
post_id_926,academics,2018-10-17,user20@gmail.com
post_id_927,politics,2021-01-20,user21@gmail.com
post_id_928,government,2018-11-17,user21@gmail.com
post_id_929,politics,2019-04-02,user21@gmail.com
post_id_930,politics,2021-07-25,user21@gmail.com
post_id_931,politics,2020-03-27,user21@gmail.com
post_id_932,government,2018-07-13,user21@gmail.com
post_id_933,government,2022-10-06,user21@gmail.com
post_id_934,politics,2022-08-19,user21@gmail.com
post_id_935,government,2019-07-12,user21@gmail.com
post_id_936,politics,2022-10-08,user21@gmail.com
post_id_937,government,2021-04-15,user21@gmail.com
post_id_938,politics,2022-06-28,user21@gmail.com
post_id_939,politics,2022-02-22,user21@gmail.com
post_id_940,government,2021-09-05,user21@gmail.com
post_id_941,government,2020-06-25,user21@gmail.com
post_id_942,government,2019-11-23,user21@gmail.com
post_id_943,government,2022-08-05,user21@gmail.com
post_id_944,government,2019-05-26,user21@gmail.com
post_id_945,politics,2018-07-30,user21@gmail.com
post_id_946,politics,2018-05-28,user21@gmail.com
post_id_947,politics,2019-05-10,user21@gmail.com
post_id_948,politics,2019-11-19,user21@gmail.com
post_id_949,government,2020-12-21,user21@gmail.com
post_id_950,government,2018-04-15,user21@gmail.com
post_id_951,politics,2018-01-18,user21@gmail.com
post_id_952,politics,2018-04-14,user21@gmail.com
post_id_953,government,2019-01-22,user21@gmail.com
post_id_954,government,2020-02-24,user21@gmail.com
post_id_955,politics,2019-06-09,user21@gmail.com
post_id_956,politics,2021-03-08,user21@gmail.com
post_id_957,politics,2022-05-25,user21@gmail.com
post_id_958,government,2021-06-19,user21@gmail.com
post_id_959,government,2021-12-14,user21@gmail.com
post_id_960,government,2018-06-16,user21@gmail.com
post_id_961,politics,2020-11-22,user21@gmail.com
post_id_962,government,2020-05-24,user21@gmail.com
post_id_963,government,2018-09-14,user21@gmail.com
post_id_964,politics,2020-04-22,user22@gmail.com
post_id_965,government,2020-05-21,user22@gmail.com
post_id_966,politics,2022-06-10,user22@gmail.com
post_id_967,politics,2020-12-25,user22@gmail.com
post_id_968,politics,2020-05-28,user22@gmail.com
post_id_969,government,2020-08-16,user22@gmail.com
post_id_970,government,2018-12-03,user22@gmail.com
post_id_971,government,2020-03-11,user22@gmail.com
post_id_972,government,2021-03-25,user22@gmail.com
post_id_973,politics,2018-10-29,user22@gmail.com
post_id_974,politics,2020-04-01,user22@gmail.com
post_id_975,politics,2021-05-18,user22@gmail.com
post_id_976,politics,2019-03-29,user22@gmail.com
post_id_977,politics,2020-11-27,user22@gmail.com
post_id_978,government,2022-11-08,user23@gmail.com
post_id_979,government,2019-09-14,user23@gmail.com
post_id_980,politics,2020-11-23,user23@gmail.com
post_id_981,politics,2019-10-18,user23@gmail.com
post_id_982,politics,2021-05-03,user23@gmail.com
post_id_983,politics,2022-06-06,user23@gmail.com
post_id_984,government,2018-04-23,user23@gmail.com
post_id_985,politics,2019-02-22,user23@gmail.com
post_id_986,government,2018-07-25,user23@gmail.com
post_id_987,politics,2020-01-05,user23@gmail.com
post_id_988,politics,2022-02-18,user23@gmail.com
post_id_989,politics,2021-09-21,user23@gmail.com
post_id_990,politics,2018-12-29,user23@gmail.com
post_id_991,government,2020-07-19,user23@gmail.com
post_id_992,government,2019-02-20,user23@gmail.com
post_id_993,government,2018-11-28,user23@gmail.com
post_id_994,politics,2019-07-30,user23@gmail.com
post_id_995,government,2020-05-09,user23@gmail.com
post_id_996,government,2018-12-01,user23@gmail.com
post_id_997,politics,2018-12-11,user23@gmail.com
post_id_998,government,2018-10-07,user23@gmail.com
post_id_999,government,2022-02-09,user23@gmail.com
post_id_1000,politics,2021-10-01,user23@gmail.com
post_id_1001,government,2020-05-07,user23@gmail.com
post_id_1002,government,2021-05-20,user23@gmail.com
post_id_1003,politics,2022-04-20,user23@gmail.com
post_id_1004,politics,2019-05-09,user23@gmail.com
post_id_1005,government,2021-12-31,user23@gmail.com
post_id_1006,politics,2021-01-28,user23@gmail.com
post_id_1007,politics,2021-09-22,user23@gmail.com
post_id_1008,government,2022-01-19,user23@gmail.com
post_id_1009,government,2022-03-02,user23@gmail.com
post_id_1010,politics,2019-04-04,user23@gmail.com
post_id_1011,politics,2021-05-15,user23@gmail.com
post_id_1012,politics,2022-02-09,user23@gmail.com
post_id_1013,government,2020-01-26,user23@gmail.com
post_id_1014,politics,2021-11-23,user23@gmail.com
post_id_1015,politics,2019-02-14,user23@gmail.com
post_id_1016,politics,2021-06-03,user23@gmail.com
post_id_1017,government,2021-02-02,user23@gmail.com
post_id_1018,politics,2018-10-28,user23@gmail.com
post_id_1019,government,2022-03-05,user23@gmail.com
post_id_1020,politics,2019-07-11,user23@gmail.com
post_id_1021,government,2021-11-30,user23@gmail.com
post_id_1022,politics,2018-03-04,user23@gmail.com
post_id_1023,politics,2021-12-19,user23@gmail.com
post_id_1024,government,2018-06-04,user23@gmail.com
post_id_1025,government,2019-07-31,user23@gmail.com
post_id_1026,government,2019-03-12,user23@gmail.com
post_id_1027,politics,2020-04-18,user23@gmail.com
post_id_1028,politics,2022-04-06,user23@gmail.com
post_id_1029,politics,2022-08-12,user23@gmail.com
post_id_1030,government,2019-12-14,user24@gmail.com
post_id_1031,government,2021-01-03,user24@gmail.com
post_id_1032,politics,2021-05-15,user24@gmail.com
post_id_1033,government,2022-08-22,user24@gmail.com
post_id_1034,government,2022-08-11,user24@gmail.com
post_id_1035,politics,2019-05-22,user24@gmail.com
post_id_1036,government,2022-02-16,user24@gmail.com
post_id_1037,government,2021-06-02,user24@gmail.com
post_id_1038,government,2020-03-11,user24@gmail.com
post_id_1039,politics,2019-10-06,user24@gmail.com
post_id_1040,politics,2022-12-07,user24@gmail.com
post_id_1041,politics,2020-05-29,user24@gmail.com
post_id_1042,government,2018-05-11,user24@gmail.com
post_id_1043,politics,2022-06-09,user24@gmail.com
post_id_1044,politics,2019-05-05,user24@gmail.com
post_id_1045,government,2020-03-27,user24@gmail.com
post_id_1046,politics,2019-09-28,user24@gmail.com
post_id_1047,politics,2022-08-19,user24@gmail.com
post_id_1048,politics,2020-05-29,user24@gmail.com
post_id_1049,government,2019-06-27,user24@gmail.com
post_id_1050,politics,2020-09-15,user24@gmail.com
post_id_1051,government,2021-01-21,user24@gmail.com
post_id_1052,politics,2021-08-11,user24@gmail.com
post_id_1053,politics,2019-06-12,user24@gmail.com
post_id_1054,government,2022-06-23,user24@gmail.com
post_id_1055,government,2020-12-19,user24@gmail.com
post_id_1056,politics,2021-06-23,user24@gmail.com
post_id_1057,politics,2021-05-22,user24@gmail.com
post_id_1058,politics,2019-02-18,user24@gmail.com
post_id_1059,politics,2021-10-27,user24@gmail.com
post_id_1060,government,2022-06-15,user24@gmail.com
post_id_1061,government,2019-06-03,user24@gmail.com
post_id_1062,government,2019-10-08,user24@gmail.com
post_id_1063,politics,2020-09-08,user24@gmail.com
post_id_1064,politics,2021-06-28,user24@gmail.com
post_id_1065,government,2018-03-30,user24@gmail.com
post_id_1066,government,2018-11-12,user24@gmail.com
post_id_1067,politics,2021-07-14,user24@gmail.com
post_id_1068,politics,2019-04-20,user24@gmail.com
post_id_1069,government,2022-02-24,user24@gmail.com
post_id_1070,politics,2020-04-19,user24@gmail.com
post_id_1071,politics,2018-01-31,user24@gmail.com
post_id_1072,government,2020-05-25,user24@gmail.com
post_id_1073,government,2022-09-29,user24@gmail.com
post_id_1074,politics,2019-12-28,user24@gmail.com
post_id_1075,government,2019-10-08,user24@gmail.com
post_id_1076,government,2022-04-18,user24@gmail.com
post_id_1077,politics,2022-03-18,user24@gmail.com
post_id_1078,government,2020-12-22,user24@gmail.com
post_id_1079,politics,2019-02-07,user24@gmail.com
post_id_1080,government,2022-02-02,user24@gmail.com
post_id_1081,government,2019-01-26,user24@gmail.com
post_id_1082,politics,2022-07-25,user24@gmail.com
post_id_1083,government,2020-06-07,user24@gmail.com
post_id_1084,government,2018-04-20,user24@gmail.com
post_id_1085,politics,2020-01-01,user24@gmail.com
post_id_1086,politics,2021-07-21,user24@gmail.com
post_id_1087,politics,2021-07-24,user24@gmail.com
post_id_1088,politics,2021-05-30,user24@gmail.com
post_id_1089,politics,2019-02-22,user24@gmail.com
post_id_1090,government,2022-01-21,user24@gmail.com
post_id_1091,politics,2022-04-10,user24@gmail.com
post_id_1092,politics,2021-07-23,user24@gmail.com
post_id_1093,government,2022-08-27,user24@gmail.com
post_id_1094,politics,2019-11-24,user24@gmail.com
post_id_1095,politics,2018-04-15,user24@gmail.com
post_id_1096,politics,2019-08-24,user24@gmail.com
post_id_1097,government,2021-05-25,user24@gmail.com
post_id_1098,government,2022-12-26,user24@gmail.com
post_id_1099,politics,2021-09-16,user24@gmail.com
post_id_1100,politics,2020-07-20,user24@gmail.com
post_id_1101,politics,2018-02-27,user24@gmail.com
post_id_1102,government,2021-12-02,user24@gmail.com
post_id_1103,politics,2021-12-07,user24@gmail.com
post_id_1104,government,2018-02-24,user24@gmail.com
post_id_1105,politics,2021-12-24,user24@gmail.com
post_id_1106,government,2020-11-20,user24@gmail.com
post_id_1107,politics,2022-09-16,user24@gmail.com
post_id_1108,government,2021-08-19,user24@gmail.com
post_id_1109,government,2022-06-14,user24@gmail.com
post_id_1110,politics,2019-12-03,user24@gmail.com
post_id_1111,politics,2020-07-04,user24@gmail.com
post_id_1112,government,2022-10-10,user24@gmail.com
post_id_1113,politics,2019-02-08,user24@gmail.com
post_id_1114,government,2019-03-07,user24@gmail.com
post_id_1115,government,2018-08-18,user24@gmail.com
post_id_1116,politics,2021-09-16,user24@gmail.com
post_id_1117,politics,2020-03-15,user24@gmail.com
post_id_1118,government,2018-06-11,user25@gmail.com
post_id_1119,politics,2021-05-30,user25@gmail.com
post_id_1120,politics,2021-07-13,user25@gmail.com
post_id_1121,government,2018-11-27,user25@gmail.com
post_id_1122,government,2022-01-28,user25@gmail.com
post_id_1123,politics,2022-03-03,user25@gmail.com
post_id_1124,government,2019-10-19,user25@gmail.com
post_id_1125,government,2022-03-30,user25@gmail.com
post_id_1126,government,2019-07-18,user25@gmail.com
post_id_1127,politics,2022-01-20,user25@gmail.com
post_id_1128,government,2022-08-07,user25@gmail.com
post_id_1129,government,2018-04-12,user25@gmail.com
post_id_1130,politics,2019-08-25,user25@gmail.com
post_id_1131,politics,2020-05-22,user25@gmail.com
post_id_1132,government,2020-10-28,user25@gmail.com
post_id_1133,government,2022-06-08,user25@gmail.com
post_id_1134,politics,2021-12-29,user25@gmail.com
post_id_1135,politics,2022-06-01,user25@gmail.com
post_id_1136,politics,2021-11-09,user25@gmail.com
post_id_1137,politics,2022-08-29,user25@gmail.com
post_id_1138,government,2018-02-15,user25@gmail.com
post_id_1139,politics,2020-01-24,user25@gmail.com
post_id_1140,politics,2019-07-03,user25@gmail.com
post_id_1141,government,2021-10-24,user25@gmail.com
post_id_1142,politics,2020-11-07,user25@gmail.com
post_id_1143,government,2020-09-14,user25@gmail.com
post_id_1144,government,2020-05-13,user25@gmail.com
post_id_1145,government,2020-06-21,user25@gmail.com
post_id_1146,government,2020-11-05,user25@gmail.com
post_id_1147,politics,2018-10-01,user25@gmail.com
post_id_1148,government,2019-01-14,user25@gmail.com
post_id_1149,politics,2022-05-28,user25@gmail.com
post_id_1150,government,2020-11-17,user25@gmail.com
post_id_1151,government,2022-05-29,user25@gmail.com
post_id_1152,government,2021-06-12,user25@gmail.com
post_id_1153,politics,2021-02-27,user25@gmail.com
post_id_1154,government,2022-04-04,user25@gmail.com
post_id_1155,government,2020-01-20,user25@gmail.com
post_id_1156,government,2019-05-22,user25@gmail.com
post_id_1157,government,2020-06-27,user25@gmail.com
post_id_1158,politics,2020-05-16,user25@gmail.com
post_id_1159,politics,2018-02-23,user25@gmail.com
post_id_1160,government,2019-01-22,user25@gmail.com
post_id_1161,politics,2019-04-10,user25@gmail.com
post_id_1162,politics,2019-05-19,user25@gmail.com
post_id_1163,politics,2020-07-04,user25@gmail.com
post_id_1164,politics,2019-05-25,user25@gmail.com
post_id_1165,politics,2020-10-07,user25@gmail.com
post_id_1166,government,2019-08-25,user25@gmail.com
post_id_1167,politics,2019-02-01,user25@gmail.com
post_id_1168,politics,2020-08-25,user25@gmail.com
post_id_1169,politics,2021-01-15,user25@gmail.com
post_id_1170,government,2019-08-01,user25@gmail.com
post_id_1171,government,2022-12-28,user25@gmail.com
post_id_1172,government,2021-04-24,user25@gmail.com
post_id_1173,government,2018-02-12,user25@gmail.com
post_id_1174,politics,2019-10-16,user25@gmail.com
post_id_1175,politics,2020-01-17,user25@gmail.com
post_id_1176,politics,2020-10-21,user25@gmail.com
post_id_1177,government,2022-11-19,user25@gmail.com
post_id_1178,government,2018-08-28,user25@gmail.com
post_id_1179,government,2020-01-14,user25@gmail.com
post_id_1180,politics,2021-08-29,user25@gmail.com
post_id_1181,politics,2022-10-09,user25@gmail.com
post_id_1182,government,2021-03-06,user25@gmail.com
post_id_1183,politics,2019-09-27,user25@gmail.com
post_id_1184,politics,2019-08-13,user25@gmail.com
post_id_1185,politics,2022-06-27,user25@gmail.com
post_id_1186,politics,2018-09-05,user25@gmail.com
post_id_1187,government,2020-10-17,user25@gmail.com
post_id_1188,government,2022-07-09,user26@gmail.com
post_id_1189,government,2021-11-12,user26@gmail.com
post_id_1190,government,2021-11-06,user26@gmail.com
post_id_1191,politics,2022-04-10,user26@gmail.com
post_id_1192,politics,2020-12-19,user26@gmail.com
post_id_1193,government,2019-10-19,user26@gmail.com
post_id_1194,government,2018-03-07,user26@gmail.com
post_id_1195,government,2022-07-28,user26@gmail.com
post_id_1196,government,2022-07-02,user26@gmail.com
post_id_1197,government,2021-03-06,user26@gmail.com
post_id_1198,politics,2020-01-28,user26@gmail.com
post_id_1199,politics,2022-05-29,user26@gmail.com
post_id_1200,politics,2021-01-15,user26@gmail.com
post_id_1201,politics,2022-03-24,user26@gmail.com
post_id_1202,government,2020-11-15,user26@gmail.com
post_id_1203,politics,2018-01-07,user26@gmail.com
post_id_1204,government,2018-03-28,user26@gmail.com
post_id_1205,government,2018-05-17,user26@gmail.com
post_id_1206,politics,2020-12-31,user26@gmail.com
post_id_1207,politics,2018-12-26,user26@gmail.com
post_id_1208,politics,2020-12-22,user26@gmail.com
post_id_1209,government,2020-11-14,user26@gmail.com
post_id_1210,government,2022-04-27,user26@gmail.com
post_id_1211,government,2022-06-20,user26@gmail.com
post_id_1212,politics,2020-08-31,user26@gmail.com
post_id_1213,politics,2021-01-02,user26@gmail.com
post_id_1214,government,2021-11-14,user26@gmail.com
post_id_1215,politics,2021-06-07,user26@gmail.com
post_id_1216,government,2019-11-02,user26@gmail.com
post_id_1217,government,2020-05-21,user26@gmail.com
post_id_1218,government,2020-07-05,user26@gmail.com
post_id_1219,politics,2019-10-25,user26@gmail.com
post_id_1220,politics,2019-04-02,user26@gmail.com
post_id_1221,politics,2019-11-25,user26@gmail.com
post_id_1222,politics,2021-02-05,user26@gmail.com
post_id_1223,government,2020-01-31,user26@gmail.com
post_id_1224,politics,2022-10-30,user26@gmail.com
post_id_1225,politics,2022-05-12,user26@gmail.com
post_id_1226,politics,2021-08-29,user26@gmail.com
post_id_1227,government,2022-02-26,user26@gmail.com
post_id_1228,politics,2020-02-19,user26@gmail.com
post_id_1229,government,2022-08-04,user26@gmail.com
post_id_1230,government,2020-08-06,user26@gmail.com
post_id_1231,government,2019-07-31,user26@gmail.com
post_id_1232,government,2021-09-26,user26@gmail.com
post_id_1233,government,2019-09-03,user26@gmail.com
post_id_1234,politics,2020-08-26,user26@gmail.com
post_id_1235,politics,2019-02-16,user26@gmail.com
post_id_1236,government,2022-11-05,user26@gmail.com
post_id_1237,government,2018-09-18,user27@gmail.com
post_id_1238,politics,2018-02-01,user27@gmail.com
post_id_1239,politics,2022-07-03,user27@gmail.com
post_id_1240,government,2018-03-16,user27@gmail.com
post_id_1241,government,2021-12-25,user27@gmail.com
post_id_1242,government,2019-11-13,user27@gmail.com
post_id_1243,government,2020-08-27,user27@gmail.com
post_id_1244,politics,2018-10-05,user27@gmail.com
post_id_1245,politics,2018-11-10,user27@gmail.com
post_id_1246,government,2022-10-21,user27@gmail.com
post_id_1247,politics,2018-10-23,user27@gmail.com
post_id_1248,politics,2018-02-02,user27@gmail.com
post_id_1249,politics,2018-03-11,user27@gmail.com
post_id_1250,government,2018-05-27,user27@gmail.com
post_id_1251,politics,2020-08-19,user27@gmail.com
post_id_1252,politics,2018-05-10,user27@gmail.com
post_id_1253,government,2021-05-29,user27@gmail.com
post_id_1254,politics,2022-06-17,user27@gmail.com
post_id_1255,politics,2019-07-03,user27@gmail.com
post_id_1256,politics,2020-12-02,user27@gmail.com
post_id_1257,politics,2020-08-20,user27@gmail.com
post_id_1258,politics,2018-10-18,user27@gmail.com
post_id_1259,politics,2022-04-08,user27@gmail.com
post_id_1260,politics,2019-08-28,user27@gmail.com
post_id_1261,government,2020-10-15,user27@gmail.com
post_id_1262,politics,2018-02-03,user27@gmail.com
post_id_1263,politics,2020-03-06,user27@gmail.com
post_id_1264,politics,2021-12-25,user27@gmail.com
post_id_1265,government,2022-09-04,user27@gmail.com
post_id_1266,politics,2021-01-22,user27@gmail.com
post_id_1267,government,2021-11-11,user27@gmail.com
post_id_1268,government,2020-03-27,user27@gmail.com
post_id_1269,government,2020-05-30,user27@gmail.com
post_id_1270,politics,2019-02-19,user27@gmail.com
post_id_1271,politics,2019-08-20,user27@gmail.com
post_id_1272,politics,2019-04-02,user27@gmail.com
post_id_1273,politics,2019-08-15,user27@gmail.com
post_id_1274,politics,2019-07-26,user27@gmail.com
post_id_1275,politics,2018-01-22,user27@gmail.com
post_id_1276,government,2020-06-14,user27@gmail.com
post_id_1277,politics,2022-12-25,user27@gmail.com
post_id_1278,politics,2021-05-24,user27@gmail.com
post_id_1279,government,2020-03-31,user27@gmail.com
post_id_1280,politics,2021-03-04,user27@gmail.com
post_id_1281,politics,2018-12-23,user27@gmail.com
post_id_1282,government,2019-01-07,user27@gmail.com
post_id_1283,government,2021-12-08,user27@gmail.com
post_id_1284,politics,2022-03-01,user27@gmail.com
post_id_1285,politics,2018-03-17,user27@gmail.com
post_id_1286,politics,2018-08-21,user27@gmail.com
post_id_1287,politics,2020-03-14,user27@gmail.com
post_id_1288,government,2018-02-15,user27@gmail.com
post_id_1289,government,2020-09-11,user27@gmail.com
post_id_1290,politics,2019-10-18,user27@gmail.com
post_id_1291,politics,2019-09-21,user27@gmail.com
post_id_1292,politics,2022-06-21,user27@gmail.com
post_id_1293,politics,2021-10-13,user27@gmail.com
post_id_1294,politics,2018-11-22,user27@gmail.com
post_id_1295,government,2019-04-28,user27@gmail.com
post_id_1296,politics,2020-08-18,user27@gmail.com
post_id_1297,government,2020-02-07,user27@gmail.com
post_id_1298,politics,2020-07-21,user27@gmail.com
post_id_1299,politics,2022-07-14,user27@gmail.com
post_id_1300,politics,2019-08-23,user27@gmail.com
post_id_1301,government,2021-04-07,user27@gmail.com
post_id_1302,politics,2021-12-20,user27@gmail.com
post_id_1303,politics,2021-12-05,user27@gmail.com
post_id_1304,politics,2020-06-02,user27@gmail.com
post_id_1305,government,2018-08-09,user27@gmail.com
post_id_1306,politics,2021-09-05,user27@gmail.com
post_id_1307,government,2019-04-03,user27@gmail.com
post_id_1308,politics,2018-06-28,user27@gmail.com
post_id_1309,politics,2021-05-13,user27@gmail.com
post_id_1310,government,2018-05-19,user27@gmail.com
post_id_1311,politics,2021-10-03,user27@gmail.com
post_id_1312,politics,2021-03-01,user27@gmail.com
post_id_1313,politics,2020-02-14,user27@gmail.com
post_id_1314,politics,2018-05-31,user27@gmail.com
post_id_1315,government,2020-05-24,user27@gmail.com
post_id_1316,politics,2022-03-20,user27@gmail.com
post_id_1317,government,2018-07-05,user27@gmail.com
post_id_1318,government,2018-12-29,user27@gmail.com
post_id_1319,politics,2021-10-27,user27@gmail.com
post_id_1320,government,2018-05-04,user28@gmail.com
post_id_1321,government,2018-07-15,user28@gmail.com
post_id_1322,politics,2018-01-22,user28@gmail.com
post_id_1323,politics,2022-06-08,user28@gmail.com
post_id_1324,government,2022-10-28,user28@gmail.com
post_id_1325,politics,2021-06-21,user28@gmail.com
post_id_1326,government,2020-12-23,user28@gmail.com
post_id_1327,politics,2022-04-23,user28@gmail.com
post_id_1328,politics,2021-07-22,user28@gmail.com
post_id_1329,politics,2021-05-28,user28@gmail.com
post_id_1330,politics,2021-08-30,user28@gmail.com
post_id_1331,government,2019-12-13,user28@gmail.com
post_id_1332,government,2020-01-04,user28@gmail.com
post_id_1333,politics,2018-11-11,user28@gmail.com
post_id_1334,government,2018-08-02,user28@gmail.com
post_id_1335,government,2022-04-27,user28@gmail.com
post_id_1336,government,2019-09-26,user28@gmail.com
post_id_1337,government,2022-08-01,user28@gmail.com
post_id_1338,government,2021-11-11,user28@gmail.com
post_id_1339,politics,2021-03-09,user28@gmail.com
post_id_1340,politics,2018-02-21,user28@gmail.com
post_id_1341,politics,2019-10-27,user28@gmail.com
post_id_1342,government,2018-07-04,user28@gmail.com
post_id_1343,politics,2018-06-21,user28@gmail.com
post_id_1344,politics,2021-01-08,user28@gmail.com
post_id_1345,politics,2022-08-02,user28@gmail.com
post_id_1346,politics,2020-05-21,user28@gmail.com
post_id_1347,government,2022-10-30,user28@gmail.com
post_id_1348,politics,2021-08-18,user28@gmail.com
post_id_1349,government,2020-03-28,user28@gmail.com
post_id_1350,government,2021-05-12,user28@gmail.com
post_id_1351,government,2019-12-27,user28@gmail.com
post_id_1352,government,2022-01-17,user28@gmail.com
post_id_1353,politics,2018-08-03,user28@gmail.com
post_id_1354,government,2021-07-18,user28@gmail.com
post_id_1355,government,2018-02-09,user28@gmail.com
post_id_1356,politics,2022-02-03,user28@gmail.com
post_id_1357,politics,2019-02-19,user28@gmail.com
post_id_1358,politics,2020-02-25,user28@gmail.com
post_id_1359,politics,2021-02-05,user28@gmail.com
post_id_1360,government,2018-05-24,user28@gmail.com
post_id_1361,politics,2018-03-31,user28@gmail.com
post_id_1362,government,2018-10-05,user28@gmail.com
post_id_1363,government,2018-07-27,user28@gmail.com
post_id_1364,politics,2019-06-29,user28@gmail.com
post_id_1365,government,2018-10-08,user28@gmail.com
post_id_1366,government,2020-09-05,user28@gmail.com
post_id_1367,government,2020-07-12,user28@gmail.com
post_id_1368,politics,2018-11-10,user28@gmail.com
post_id_1369,politics,2019-09-22,user28@gmail.com
post_id_1370,politics,2020-08-27,user28@gmail.com
post_id_1371,politics,2021-08-26,user28@gmail.com
post_id_1372,politics,2020-01-31,user28@gmail.com
post_id_1373,government,2019-04-20,user28@gmail.com
post_id_1374,government,2022-09-15,user29@gmail.com
post_id_1375,government,2019-12-31,user29@gmail.com
post_id_1376,government,2020-01-11,user29@gmail.com
post_id_1377,government,2022-09-20,user29@gmail.com
post_id_1378,government,2019-06-20,user29@gmail.com
post_id_1379,government,2022-01-28,user29@gmail.com
post_id_1380,government,2019-07-27,user29@gmail.com
post_id_1381,government,2020-08-30,user29@gmail.com
post_id_1382,government,2021-08-10,user29@gmail.com
post_id_1383,politics,2019-02-06,user29@gmail.com
post_id_1384,politics,2018-10-11,user29@gmail.com
post_id_1385,politics,2022-10-13,user29@gmail.com
post_id_1386,government,2020-02-14,user29@gmail.com
post_id_1387,politics,2019-11-14,user29@gmail.com
post_id_1388,government,2022-08-29,user29@gmail.com
post_id_1389,politics,2019-12-04,user29@gmail.com
post_id_1390,government,2018-07-22,user29@gmail.com
post_id_1391,politics,2020-07-16,user29@gmail.com
post_id_1392,government,2021-04-23,user29@gmail.com
post_id_1393,politics,2021-09-20,user29@gmail.com
post_id_1394,politics,2021-05-05,user29@gmail.com
post_id_1395,government,2021-10-28,user29@gmail.com
post_id_1396,politics,2021-10-08,user29@gmail.com
post_id_1397,politics,2021-06-11,user29@gmail.com
post_id_1398,politics,2021-03-21,user29@gmail.com
post_id_1399,government,2019-10-11,user29@gmail.com
post_id_1400,politics,2021-05-11,user29@gmail.com
post_id_1401,government,2019-04-15,user29@gmail.com
post_id_1402,government,2019-11-09,user29@gmail.com
post_id_1403,politics,2018-05-28,user29@gmail.com
post_id_1404,politics,2021-07-07,user29@gmail.com
post_id_1405,politics,2018-11-30,user29@gmail.com
post_id_1406,politics,2020-12-18,user29@gmail.com
post_id_1407,government,2020-08-07,user29@gmail.com
post_id_1408,politics,2022-07-11,user29@gmail.com
post_id_1409,politics,2020-05-31,user29@gmail.com
post_id_1410,politics,2019-08-20,user29@gmail.com
post_id_1411,government,2022-10-19,user29@gmail.com
post_id_1412,government,2021-04-03,user29@gmail.com
post_id_1413,politics,2021-10-22,user29@gmail.com
post_id_1414,politics,2018-08-01,user29@gmail.com
post_id_1415,politics,2019-12-09,user29@gmail.com
post_id_1416,politics,2022-10-20,user29@gmail.com
post_id_1417,government,2018-01-19,user29@gmail.com
post_id_1418,politics,2020-08-21,user29@gmail.com
post_id_1419,politics,2020-08-21,user29@gmail.com
post_id_1420,government,2022-02-16,user29@gmail.com
post_id_1421,government,2020-05-06,user29@gmail.com
post_id_1422,politics,2021-11-27,user29@gmail.com
post_id_1423,politics,2021-04-09,user29@gmail.com
post_id_1424,politics,2020-11-11,user29@gmail.com
post_id_1425,government,2020-01-08,user29@gmail.com
post_id_1426,politics,2020-06-08,user29@gmail.com
post_id_1427,politics,2019-08-02,user29@gmail.com
post_id_1428,government,2022-12-26,user29@gmail.com
post_id_1429,government,2021-01-01,user29@gmail.com
post_id_1430,government,2019-09-17,user29@gmail.com
post_id_1431,government,2021-09-30,user29@gmail.com
post_id_1432,government,2020-01-27,user29@gmail.com
post_id_1433,government,2021-06-13,user29@gmail.com
post_id_1434,government,2022-11-08,user29@gmail.com
post_id_1435,politics,2021-12-31,user29@gmail.com
post_id_1436,government,2021-08-26,user29@gmail.com
post_id_1437,politics,2018-06-17,user29@gmail.com
post_id_1438,government,2022-08-05,user29@gmail.com
post_id_1439,politics,2018-05-15,user29@gmail.com
post_id_1440,government,2021-09-15,user29@gmail.com
post_id_1441,government,2018-09-16,user29@gmail.com
post_id_1442,politics,2018-04-06,user29@gmail.com
post_id_1443,government,2020-04-03,user29@gmail.com
post_id_1444,government,2018-05-03,user29@gmail.com
post_id_1445,government,2022-08-05,user29@gmail.com
post_id_1446,government,2020-08-23,user29@gmail.com
post_id_1447,government,2019-04-06,user29@gmail.com
post_id_1448,government,2022-02-02,user29@gmail.com
post_id_1449,government,2018-01-26,user29@gmail.com
post_id_1450,politics,2018-11-06,user29@gmail.com
post_id_1451,government,2022-09-26,user29@gmail.com
post_id_1452,government,2022-09-13,user29@gmail.com
post_id_1453,politics,2018-02-01,user29@gmail.com
post_id_1454,politics,2021-03-17,user29@gmail.com
post_id_1455,government,2022-03-07,user29@gmail.com
post_id_1456,politics,2020-04-19,user29@gmail.com
post_id_1457,politics,2019-11-06,user29@gmail.com
post_id_1458,government,2020-06-15,user29@gmail.com
post_id_1459,government,2019-04-18,user29@gmail.com
post_id_1460,government,2021-04-28,user29@gmail.com
post_id_1461,government,2018-05-19,user29@gmail.com
post_id_1462,government,2021-09-24,user29@gmail.com
post_id_1463,politics,2018-05-23,user30@gmail.com
post_id_1464,politics,2020-05-19,user30@gmail.com
post_id_1465,politics,2019-12-18,user30@gmail.com
post_id_1466,politics,2022-03-21,user30@gmail.com
post_id_1467,government,2021-08-04,user30@gmail.com
post_id_1468,government,2021-10-24,user30@gmail.com
post_id_1469,politics,2022-05-10,user30@gmail.com
post_id_1470,government,2022-10-02,user30@gmail.com
post_id_1471,politics,2021-06-09,user30@gmail.com
post_id_1472,government,2018-08-13,user30@gmail.com
post_id_1473,government,2018-09-18,user30@gmail.com
post_id_1474,government,2020-09-21,user30@gmail.com
post_id_1475,government,2021-11-08,user30@gmail.com
post_id_1476,politics,2019-06-07,user30@gmail.com
post_id_1477,politics,2022-04-23,user30@gmail.com
post_id_1478,government,2019-04-24,user30@gmail.com
post_id_1479,politics,2018-04-27,user30@gmail.com
post_id_1480,government,2022-03-20,user30@gmail.com
post_id_1481,politics,2021-04-03,user30@gmail.com
post_id_1482,politics,2020-11-07,user30@gmail.com
post_id_1483,government,2021-03-12,user30@gmail.com
post_id_1484,politics,2019-11-24,user30@gmail.com
post_id_1485,government,2019-01-01,user30@gmail.com
post_id_1486,politics,2022-10-29,user30@gmail.com
post_id_1487,government,2021-01-28,user30@gmail.com
post_id_1488,government,2021-09-06,user30@gmail.com
post_id_1489,politics,2020-10-19,user30@gmail.com
post_id_1490,government,2021-06-01,user30@gmail.com
post_id_1491,government,2021-02-18,user30@gmail.com
post_id_1492,politics,2020-01-04,user30@gmail.com
post_id_1493,government,2020-05-22,user30@gmail.com
post_id_1494,government,2022-10-13,user30@gmail.com
post_id_1495,government,2020-10-15,user30@gmail.com
post_id_1496,politics,2020-10-15,user30@gmail.com
post_id_1497,government,2022-12-10,user30@gmail.com
post_id_1498,government,2022-10-08,user30@gmail.com
post_id_1499,government,2018-02-08,user30@gmail.com
